link_name,distance_m,terrain_m,los_line_m,fresnel_m,clearance_m
PtP nLOS: Головний корпус ХАІ - гуртожиток №10,0.0,182.0,197.0,0.0,15.0
PtP nLOS: Головний корпус ХАІ - гуртожиток №10,17.99,182.0,196.45,0.98,14.45
PtP nLOS: Головний корпус ХАІ - гуртожиток №10,35.98,182.0,195.9,1.37,13.9
PtP nLOS: Головний корпус ХАІ - гуртожиток №10,53.96,182.0,195.35,1.65,13.35
PtP nLOS: Головний корпус ХАІ - гуртожиток №10,71.95,183.0,194.8,1.88,11.8
PtP nLOS: Головний корпус ХАІ - гуртожиток №10,89.94,183.0,194.25,2.07,11.25
PtP nLOS: Головний корпус ХАІ - гуртожиток №10,107.93,184.0,193.7,2.24,9.7
PtP nLOS: Головний корпус ХАІ - гуртожиток №10,125.92,185.0,193.15,2.38,8.15
PtP nLOS: Головний корпус ХАІ - гуртожиток №10,143.91,185.0,192.6,2.51,7.6
PtP nLOS: Головний корпус ХАІ - гуртожиток №10,161.89,186.0,192.05,2.62,6.05
PtP nLOS: Головний корпус ХАІ - гуртожиток №10,179.88,185.0,191.5,2.71,6.5
PtP nLOS: Головний корпус ХАІ - гуртожиток №10,197.87,185.0,190.95,2.8,5.95
PtP nLOS: Головний корпус ХАІ - гуртожиток №10,215.86,184.0,190.4,2.87,6.4
PtP nLOS: Головний корпус ХАІ - гуртожиток №10,233.85,183.0,189.85,2.93,6.85
PtP nLOS: Головний корпус ХАІ - гуртожиток №10,251.83,182.0,189.3,2.99,7.3
PtP nLOS: Головний корпус ХАІ - гуртожиток №10,269.82,182.0,188.75,3.03,6.75
PtP nLOS: Головний корпус ХАІ - гуртожиток №10,287.81,181.0,188.2,3.07,7.2
PtP nLOS: Головний корпус ХАІ - гуртожиток №10,305.8,181.0,187.65,3.1,6.65
PtP nLOS: Головний корпус ХАІ - гуртожиток №10,323.79,182.0,187.1,3.12,5.1
PtP nLOS: Головний корпус ХАІ - гуртожиток №10,341.78,182.0,186.55,3.13,4.55
PtP nLOS: Головний корпус ХАІ - гуртожиток №10,359.76,182.0,186.0,3.13,4.0
PtP nLOS: Головний корпус ХАІ - гуртожиток №10,377.75,183.0,185.45,3.13,2.45
PtP nLOS: Головний корпус ХАІ - гуртожиток №10,395.74,183.0,184.9,3.12,1.9
PtP nLOS: Головний корпус ХАІ - гуртожиток №10,413.73,183.0,184.35,3.1,1.35
PtP nLOS: Головний корпус ХАІ - гуртожиток №10,431.72,183.0,183.8,3.07,0.8
PtP nLOS: Головний корпус ХАІ - гуртожиток №10,449.7,182.0,183.25,3.03,1.25
PtP nLOS: Головний корпус ХАІ - гуртожиток №10,467.69,182.0,182.7,2.99,0.7
PtP nLOS: Головний корпус ХАІ - гуртожиток №10,485.68,181.0,182.15,2.93,1.15
PtP nLOS: Головний корпус ХАІ - гуртожиток №10,503.67,181.0,181.6,2.87,0.6
PtP nLOS: Головний корпус ХАІ - гуртожиток №10,521.66,180.0,181.05,2.8,1.05
PtP nLOS: Головний корпус ХАІ - гуртожиток №10,539.65,180.0,180.5,2.71,0.5
PtP nLOS: Головний корпус ХАІ - гуртожиток №10,557.63,179.0,179.95,2.62,0.95
PtP nLOS: Головний корпус ХАІ - гуртожиток №10,575.62,179.0,179.4,2.51,0.4
PtP nLOS: Головний корпус ХАІ - гуртожиток №10,593.61,178.0,178.85,2.38,0.85
PtP nLOS: Головний корпус ХАІ - гуртожиток №10,611.6,177.0,178.3,2.24,1.3
PtP nLOS: Головний корпус ХАІ - гуртожиток №10,629.59,177.0,177.75,2.07,0.75
PtP nLOS: Головний корпус ХАІ - гуртожиток №10,647.57,176.0,177.2,1.88,1.2
PtP nLOS: Головний корпус ХАІ - гуртожиток №10,665.56,175.0,176.65,1.65,1.65
PtP nLOS: Головний корпус ХАІ - гуртожиток №10,683.55,174.0,176.1,1.37,2.1
PtP nLOS: Головний корпус ХАІ - гуртожиток №10,701.54,173.0,175.55,0.98,2.55
PtP nLOS: Головний корпус ХАІ - гуртожиток №10,719.53,172.0,175.0,0.0,3.0
PtP LOS: Головний корпус ХАІ - гуртожиток №10,0.0,182.0,197.0,0.0,15.0
PtP LOS: Головний корпус ХАІ - гуртожиток №10,17.99,182.0,196.68,0.98,14.68
PtP LOS: Головний корпус ХАІ - гуртожиток №10,35.98,182.0,196.35,1.37,14.35
PtP LOS: Головний корпус ХАІ - гуртожиток №10,53.96,182.0,196.03,1.65,14.03
PtP LOS: Головний корпус ХАІ - гуртожиток №10,71.95,183.0,195.7,1.88,12.7
PtP LOS: Головний корпус ХАІ - гуртожиток №10,89.94,183.0,195.38,2.07,12.38
PtP LOS: Головний корпус ХАІ - гуртожиток №10,107.93,184.0,195.05,2.24,11.05
PtP LOS: Головний корпус ХАІ - гуртожиток №10,125.92,185.0,194.72,2.38,9.72
PtP LOS: Головний корпус ХАІ - гуртожиток №10,143.91,185.0,194.4,2.51,9.4
PtP LOS: Головний корпус ХАІ - гуртожиток №10,161.89,186.0,194.07,2.62,8.07
PtP LOS: Головний корпус ХАІ - гуртожиток №10,179.88,185.0,193.75,2.71,8.75
PtP LOS: Головний корпус ХАІ - гуртожиток №10,197.87,185.0,193.43,2.8,8.43
PtP LOS: Головний корпус ХАІ - гуртожиток №10,215.86,184.0,193.1,2.87,9.1
PtP LOS: Головний корпус ХАІ - гуртожиток №10,233.85,183.0,192.78,2.93,9.78
PtP LOS: Головний корпус ХАІ - гуртожиток №10,251.83,182.0,192.45,2.99,10.45
PtP LOS: Головний корпус ХАІ - гуртожиток №10,269.82,182.0,192.12,3.03,10.12
PtP LOS: Головний корпус ХАІ - гуртожиток №10,287.81,181.0,191.8,3.07,10.8
PtP LOS: Головний корпус ХАІ - гуртожиток №10,305.8,181.0,191.47,3.1,10.47
PtP LOS: Головний корпус ХАІ - гуртожиток №10,323.79,182.0,191.15,3.12,9.15
PtP LOS: Головний корпус ХАІ - гуртожиток №10,341.78,182.0,190.82,3.13,8.82
PtP LOS: Головний корпус ХАІ - гуртожиток №10,359.76,182.0,190.5,3.13,8.5
PtP LOS: Головний корпус ХАІ - гуртожиток №10,377.75,183.0,190.18,3.13,7.18
PtP LOS: Головний корпус ХАІ - гуртожиток №10,395.74,183.0,189.85,3.12,6.85
PtP LOS: Головний корпус ХАІ - гуртожиток №10,413.73,183.0,189.53,3.1,6.53
PtP LOS: Головний корпус ХАІ - гуртожиток №10,431.72,183.0,189.2,3.07,6.2
PtP LOS: Головний корпус ХАІ - гуртожиток №10,449.7,182.0,188.88,3.03,6.88
PtP LOS: Головний корпус ХАІ - гуртожиток №10,467.69,182.0,188.55,2.99,6.55
PtP LOS: Головний корпус ХАІ - гуртожиток №10,485.68,181.0,188.22,2.93,7.22
PtP LOS: Головний корпус ХАІ - гуртожиток №10,503.67,181.0,187.9,2.87,6.9
PtP LOS: Головний корпус ХАІ - гуртожиток №10,521.66,180.0,187.57,2.8,7.57
PtP LOS: Головний корпус ХАІ - гуртожиток №10,539.65,180.0,187.25,2.71,7.25
PtP LOS: Головний корпус ХАІ - гуртожиток №10,557.63,179.0,186.93,2.62,7.93
PtP LOS: Головний корпус ХАІ - гуртожиток №10,575.62,179.0,186.6,2.51,7.6
PtP LOS: Головний корпус ХАІ - гуртожиток №10,593.61,178.0,186.28,2.38,8.28
PtP LOS: Головний корпус ХАІ - гуртожиток №10,611.6,177.0,185.95,2.24,8.95
PtP LOS: Головний корпус ХАІ - гуртожиток №10,629.59,177.0,185.62,2.07,8.62
PtP LOS: Головний корпус ХАІ - гуртожиток №10,647.57,176.0,185.3,1.88,9.3
PtP LOS: Головний корпус ХАІ - гуртожиток №10,665.56,175.0,184.97,1.65,9.97
PtP LOS: Головний корпус ХАІ - гуртожиток №10,683.55,174.0,184.65,1.37,10.65
PtP LOS: Головний корпус ХАІ - гуртожиток №10,701.54,173.0,184.32,0.98,11.32
PtP LOS: Головний корпус ХАІ - гуртожиток №10,719.53,172.0,184.0,0.0,12.0
PtMP AP1 -> Station1 (гуртожиток №10),0.0,182.0,200.0,0.0,18.0
PtMP AP1 -> Station1 (гуртожиток №10),17.99,182.0,199.6,0.98,17.6
PtMP AP1 -> Station1 (гуртожиток №10),35.98,182.0,199.2,1.37,17.2
PtMP AP1 -> Station1 (гуртожиток №10),53.96,182.0,198.8,1.65,16.8
PtMP AP1 -> Station1 (гуртожиток №10),71.95,183.0,198.4,1.88,15.4
PtMP AP1 -> Station1 (гуртожиток №10),89.94,183.0,198.0,2.07,15.0
PtMP AP1 -> Station1 (гуртожиток №10),107.93,184.0,197.6,2.24,13.6
PtMP AP1 -> Station1 (гуртожиток №10),125.92,185.0,197.2,2.38,12.2
PtMP AP1 -> Station1 (гуртожиток №10),143.91,185.0,196.8,2.51,11.8
PtMP AP1 -> Station1 (гуртожиток №10),161.89,186.0,196.4,2.62,10.4
PtMP AP1 -> Station1 (гуртожиток №10),179.88,185.0,196.0,2.71,11.0
PtMP AP1 -> Station1 (гуртожиток №10),197.87,185.0,195.6,2.8,10.6
PtMP AP1 -> Station1 (гуртожиток №10),215.86,184.0,195.2,2.87,11.2
PtMP AP1 -> Station1 (гуртожиток №10),233.85,183.0,194.8,2.93,11.8
PtMP AP1 -> Station1 (гуртожиток №10),251.83,182.0,194.4,2.99,12.4
PtMP AP1 -> Station1 (гуртожиток №10),269.82,182.0,194.0,3.03,12.0
PtMP AP1 -> Station1 (гуртожиток №10),287.81,181.0,193.6,3.07,12.6
PtMP AP1 -> Station1 (гуртожиток №10),305.8,181.0,193.2,3.1,12.2
PtMP AP1 -> Station1 (гуртожиток №10),323.79,182.0,192.8,3.12,10.8
PtMP AP1 -> Station1 (гуртожиток №10),341.78,182.0,192.4,3.13,10.4
PtMP AP1 -> Station1 (гуртожиток №10),359.76,182.0,192.0,3.13,10.0
PtMP AP1 -> Station1 (гуртожиток №10),377.75,183.0,191.6,3.13,8.6
PtMP AP1 -> Station1 (гуртожиток №10),395.74,183.0,191.2,3.12,8.2
PtMP AP1 -> Station1 (гуртожиток №10),413.73,183.0,190.8,3.1,7.8
PtMP AP1 -> Station1 (гуртожиток №10),431.72,183.0,190.4,3.07,7.4
PtMP AP1 -> Station1 (гуртожиток №10),449.7,182.0,190.0,3.03,8.0
PtMP AP1 -> Station1 (гуртожиток №10),467.69,182.0,189.6,2.99,7.6
PtMP AP1 -> Station1 (гуртожиток №10),485.68,181.0,189.2,2.93,8.2
PtMP AP1 -> Station1 (гуртожиток №10),503.67,181.0,188.8,2.87,7.8
PtMP AP1 -> Station1 (гуртожиток №10),521.66,180.0,188.4,2.8,8.4
PtMP AP1 -> Station1 (гуртожиток №10),539.65,180.0,188.0,2.71,8.0
PtMP AP1 -> Station1 (гуртожиток №10),557.63,179.0,187.6,2.62,8.6
PtMP AP1 -> Station1 (гуртожиток №10),575.62,179.0,187.2,2.51,8.2
PtMP AP1 -> Station1 (гуртожиток №10),593.61,178.0,186.8,2.38,8.8
PtMP AP1 -> Station1 (гуртожиток №10),611.6,177.0,186.4,2.24,9.4
PtMP AP1 -> Station1 (гуртожиток №10),629.59,177.0,186.0,2.07,9.0
PtMP AP1 -> Station1 (гуртожиток №10),647.57,176.0,185.6,1.88,9.6
PtMP AP1 -> Station1 (гуртожиток №10),665.56,175.0,185.2,1.65,10.2
PtMP AP1 -> Station1 (гуртожиток №10),683.55,174.0,184.8,1.37,10.8
PtMP AP1 -> Station1 (гуртожиток №10),701.54,173.0,184.4,0.98,11.4
PtMP AP1 -> Station1 (гуртожиток №10),719.53,172.0,184.0,0.0,12.0
PtMP AP1 -> Station2 (гуртожиток №11),0.0,182.0,200.0,0.0,18.0
PtMP AP1 -> Station2 (гуртожиток №11),18.34,182.0,199.62,0.99,17.62
PtMP AP1 -> Station2 (гуртожиток №11),36.68,182.0,199.25,1.38,17.25
PtMP AP1 -> Station2 (гуртожиток №11),55.02,182.0,198.88,1.67,16.88
PtMP AP1 -> Station2 (гуртожиток №11),73.37,183.0,198.5,1.9,15.5
PtMP AP1 -> Station2 (гуртожиток №11),91.71,183.0,198.12,2.09,15.12
PtMP AP1 -> Station2 (гуртожиток №11),110.05,184.0,197.75,2.26,13.75
PtMP AP1 -> Station2 (гуртожиток №11),128.39,185.0,197.38,2.4,12.38
PtMP AP1 -> Station2 (гуртожиток №11),146.73,185.0,197.0,2.53,12.0
PtMP AP1 -> Station2 (гуртожиток №11),165.07,186.0,196.62,2.64,10.62
PtMP AP1 -> Station2 (гуртожиток №11),183.42,185.0,196.25,2.74,11.25
PtMP AP1 -> Station2 (гуртожиток №11),201.76,185.0,195.88,2.82,10.88
PtMP AP1 -> Station2 (гуртожиток №11),220.1,184.0,195.5,2.9,11.5
PtMP AP1 -> Station2 (гуртожиток №11),238.44,183.0,195.12,2.96,12.12
PtMP AP1 -> Station2 (гуртожиток №11),256.78,182.0,194.75,3.02,12.75
PtMP AP1 -> Station2 (гуртожиток №11),275.12,182.0,194.38,3.06,12.38
PtMP AP1 -> Station2 (гуртожиток №11),293.47,181.0,194.0,3.1,13.0
PtMP AP1 -> Station2 (гуртожиток №11),311.81,181.0,193.62,3.13,12.62
PtMP AP1 -> Station2 (гуртожиток №11),330.15,181.0,193.25,3.15,12.25
PtMP AP1 -> Station2 (гуртожиток №11),348.49,182.0,192.88,3.16,10.88
PtMP AP1 -> Station2 (гуртожиток №11),366.83,182.0,192.5,3.16,10.5
PtMP AP1 -> Station2 (гуртожиток №11),385.17,182.0,192.12,3.16,10.12
PtMP AP1 -> Station2 (гуртожиток №11),403.51,182.0,191.75,3.15,9.75
PtMP AP1 -> Station2 (гуртожиток №11),421.86,182.0,191.38,3.13,9.38
PtMP AP1 -> Station2 (гуртожиток №11),440.2,182.0,191.0,3.1,9.0
PtMP AP1 -> Station2 (гуртожиток №11),458.54,182.0,190.62,3.06,8.62
PtMP AP1 -> Station2 (гуртожиток №11),476.88,181.0,190.25,3.02,9.25
PtMP AP1 -> Station2 (гуртожиток №11),495.22,181.0,189.88,2.96,8.88
PtMP AP1 -> Station2 (гуртожиток №11),513.56,181.0,189.5,2.9,8.5
PtMP AP1 -> Station2 (гуртожиток №11),531.91,180.0,189.12,2.82,9.12
PtMP AP1 -> Station2 (гуртожиток №11),550.25,180.0,188.75,2.74,8.75
PtMP AP1 -> Station2 (гуртожиток №11),568.59,180.0,188.38,2.64,8.38
PtMP AP1 -> Station2 (гуртожиток №11),586.93,179.0,188.0,2.53,9.0
PtMP AP1 -> Station2 (гуртожиток №11),605.27,179.0,187.62,2.4,8.62
PtMP AP1 -> Station2 (гуртожиток №11),623.61,178.0,187.25,2.26,9.25
PtMP AP1 -> Station2 (гуртожиток №11),641.96,178.0,186.88,2.09,8.88
PtMP AP1 -> Station2 (гуртожиток №11),660.3,177.0,186.5,1.9,9.5
PtMP AP1 -> Station2 (гуртожиток №11),678.64,176.0,186.12,1.67,10.12
PtMP AP1 -> Station2 (гуртожиток №11),696.98,175.0,185.75,1.38,10.75
PtMP AP1 -> Station2 (гуртожиток №11),715.32,174.0,185.38,0.99,11.38
PtMP AP1 -> Station2 (гуртожиток №11),733.66,173.0,185.0,0.0,12.0
PtMP AP1 -> Station3 (гуртожиток №12),0.0,182.0,200.0,0.0,18.0
PtMP AP1 -> Station3 (гуртожиток №12),19.37,182.0,199.62,1.02,17.62
PtMP AP1 -> Station3 (гуртожиток №12),38.74,182.0,199.25,1.42,17.25
PtMP AP1 -> Station3 (гуртожиток №12),58.12,182.0,198.88,1.71,16.88
PtMP AP1 -> Station3 (гуртожиток №12),77.49,183.0,198.5,1.95,15.5
PtMP AP1 -> Station3 (гуртожиток №12),96.86,183.0,198.12,2.15,15.12
PtMP AP1 -> Station3 (гуртожиток №12),116.23,184.0,197.75,2.32,13.75
PtMP AP1 -> Station3 (гуртожиток №12),135.61,184.0,197.38,2.47,13.38
PtMP AP1 -> Station3 (гуртожиток №12),154.98,185.0,197.0,2.6,12.0
PtMP AP1 -> Station3 (гуртожиток №12),174.35,185.0,196.62,2.71,11.62
PtMP AP1 -> Station3 (гуртожиток №12),193.72,185.0,196.25,2.82,11.25
PtMP AP1 -> Station3 (гуртожиток №12),213.09,184.0,195.88,2.9,11.88
PtMP AP1 -> Station3 (гуртожиток №12),232.47,184.0,195.5,2.98,11.5
PtMP AP1 -> Station3 (гуртожиток №12),251.84,183.0,195.12,3.05,12.12
PtMP AP1 -> Station3 (гуртожиток №12),271.21,182.0,194.75,3.1,12.75
PtMP AP1 -> Station3 (гуртожиток №12),290.58,182.0,194.38,3.15,12.38
PtMP AP1 -> Station3 (гуртожиток №12),309.96,181.0,194.0,3.18,13.0
PtMP AP1 -> Station3 (гуртожиток №12),329.33,181.0,193.62,3.21,12.62
PtMP AP1 -> Station3 (гуртожиток №12),348.7,181.0,193.25,3.23,12.25
PtMP AP1 -> Station3 (гуртожиток №12),368.07,182.0,192.88,3.25,10.88
PtMP AP1 -> Station3 (гуртожиток №12),387.45,182.0,192.5,3.25,10.5
PtMP AP1 -> Station3 (гуртожиток №12),406.82,182.0,192.12,3.25,10.12
PtMP AP1 -> Station3 (гуртожиток №12),426.19,182.0,191.75,3.23,9.75
PtMP AP1 -> Station3 (гуртожиток №12),445.56,182.0,191.38,3.21,9.38
PtMP AP1 -> Station3 (гуртожиток №12),464.93,182.0,191.0,3.18,9.0
PtMP AP1 -> Station3 (гуртожиток №12),484.31,182.0,190.62,3.15,8.62
PtMP AP1 -> Station3 (гуртожиток №12),503.68,182.0,190.25,3.1,8.25
PtMP AP1 -> Station3 (гуртожиток №12),523.05,182.0,189.88,3.05,7.88
PtMP AP1 -> Station3 (гуртожиток №12),542.42,181.0,189.5,2.98,8.5
PtMP AP1 -> Station3 (гуртожиток №12),561.8,180.0,189.12,2.9,9.12
PtMP AP1 -> Station3 (гуртожиток №12),581.17,180.0,188.75,2.82,8.75
PtMP AP1 -> Station3 (гуртожиток №12),600.54,179.0,188.38,2.71,9.38
PtMP AP1 -> Station3 (гуртожиток №12),619.91,179.0,188.0,2.6,9.0
PtMP AP1 -> Station3 (гуртожиток №12),639.28,178.0,187.62,2.47,9.62
PtMP AP1 -> Station3 (гуртожиток №12),658.66,178.0,187.25,2.32,9.25
PtMP AP1 -> Station3 (гуртожиток №12),678.03,177.0,186.88,2.15,9.88
PtMP AP1 -> Station3 (гуртожиток №12),697.4,177.0,186.5,1.95,9.5
PtMP AP1 -> Station3 (гуртожиток №12),716.77,176.0,186.12,1.71,10.12
PtMP AP1 -> Station3 (гуртожиток №12),736.15,175.0,185.75,1.42,10.75
PtMP AP1 -> Station3 (гуртожиток №12),755.52,174.0,185.38,1.02,11.38
PtMP AP1 -> Station3 (гуртожиток №12),774.89,173.0,185.0,0.0,12.0
